"","region","year","vrp"
"1","Белгородская область",1998,18245.5
"2","Белгородская область",1999,32060.6
"3","Белгородская область",2000,42074.5
"4","Белгородская область",2001,49941.8
"5","Белгородская область",2002,62404.4
"6","Белгородская область",2003,76054.5
"7","Белгородская область",2004,114409.3
"8","Белгородская область",2005,144987.8
"9","Белгородская область",2006,178846.1
"10","Белгородская область",2007,237013.3
"11","Белгородская область",2008,317656.3
"12","Белгородская область",2009,304345.3
"13","Белгородская область",2010,398361.4
"14","Белгородская область",2011,507839.8
"15","Белгородская область",2012,545517.2
"16","Белгородская область",2013,569006.4
"17","Белгородская область",2014,619677.7
"18","Белгородская область",2015,693379.4
"19","Белгородская область",2016,778027.8
"20","Белгородская область",2017,837306.8
"21","Белгородская область",2018,911597.9
"22","Белгородская область",2019,955951.6
"23","Брянская область",1998,11051.3
"24","Брянская область",1999,16809.4
"25","Брянская область",2000,24650.5
"26","Брянская область",2001,30110.3
"27","Брянская область",2002,37374.1
"28","Брянская область",2003,43700.3
"29","Брянская область",2004,51003.4
"30","Брянская область",2005,66692.3
"31","Брянская область",2006,82100.4
"32","Брянская область",2007,102706.2
"33","Брянская область",2008,125834.4
"34","Брянская область",2009,126477.4
"35","Брянская область",2010,147024
"36","Брянская область",2011,174211.8
"37","Брянская область",2012,207397.5
"38","Брянская область",2013,219502.8
"39","Брянская область",2014,242722.4
"40","Брянская область",2015,271782.5
"41","Брянская область",2016,316489.4
"42","Брянская область",2017,341177.8
"43","Брянская область",2018,367157.1
"44","Брянская область",2019,397714.3
"45","Владимирская область",1998,14936.9
"46","Владимирская область",1999,24481
"47","Владимирская область",2000,33017.7
"48","Владимирская область",2001,42075.4
"49","Владимирская область",2002,50359.9
"50","Владимирская область",2003,61818.6
"51","Владимирская область",2004,74207
"52","Владимирская область",2005,86926.8
"53","Владимирская область",2006,112841.7
"54","Владимирская область",2007,146663
"55","Владимирская область",2008,175395.7
"56","Владимирская область",2009,185824.6
"57","Владимирская область",2010,224759.2
"58","Владимирская область",2011,261222.6
"59","Владимирская область",2012,286018.6
"60","Владимирская область",2013,306641.4
"61","Владимирская область",2014,328064.2
"62","Владимирская область",2015,368489.2
"63","Владимирская область",2016,431549.8
"64","Владимирская область",2017,449849.2
"65","Владимирская область",2018,480027.8
"66","Владимирская область",2019,537434.6
"67","Воронежская область",1998,22381.9
"68","Воронежская область",1999,36278.8
"69","Воронежская область",2000,49523.9
"70","Воронежская область",2001,60014.6
"71","Воронежская область",2002,83001.1
"72","Воронежская область",2003,100143.3
"73","Воронежская область",2004,117197.6
"74","Воронежская область",2005,133586.6
"75","Воронежская область",2006,166176.5
"76","Воронежская область",2007,222811.9
"77","Воронежская область",2008,287072.1
"78","Воронежская область",2009,301729.1
"79","Воронежская область",2010,346568.2
"80","Воронежская область",2011,474973.9
"81","Воронежская область",2012,563965.4
"82","Воронежская область",2013,611720.4
"83","Воронежская область",2014,717667.2
"84","Воронежская область",2015,805969.6
"85","Воронежская область",2016,827928.6
"86","Воронежская область",2017,873429.4
"87","Воронежская область",2018,951292.3
"88","Воронежская область",2019,1002597.7
"89","Ивановская область",1998,8278.4
"90","Ивановская область",1999,11743.6
"91","Ивановская область",2000,16900
"92","Ивановская область",2001,22175.9
"93","Ивановская область",2002,26981.3
"94","Ивановская область",2003,33214.6
"95","Ивановская область",2004,40159.4
"96","Ивановская область",2005,44415.4
"97","Ивановская область",2006,55090
"98","Ивановская область",2007,74752
"99","Ивановская область",2008,86980.3
"100","Ивановская область",2009,87061.9
"101","Ивановская область",2010,109884.5
"102","Ивановская область",2011,128905.4
"103","Ивановская область",2012,136115
"104","Ивановская область",2013,158228.7
"105","Ивановская область",2014,151876.8
"106","Ивановская область",2015,180517.5
"107","Ивановская область",2016,205818.6
"108","Ивановская область",2017,212464.7
"109","Ивановская область",2018,232493.6
"110","Ивановская область",2019,249755.8
"111","Калужская область",1998,10097.3
"112","Калужская область",1999,16009.8
"113","Калужская область",2000,23903.3
"114","Калужская область",2001,31860
"115","Калужская область",2002,37283.1
"116","Калужская область",2003,48792.7
"117","Калужская область",2004,57993.8
"118","Калужская область",2005,70953.9
"119","Калужская область",2006,86150.5
"120","Калужская область",2007,111869
"121","Калужская область",2008,150394.4
"122","Калужская область",2009,154946.1
"123","Калужская область",2010,188601.3
"124","Калужская область",2011,234749
"125","Калужская область",2012,285256.6
"126","Калужская область",2013,292841
"127","Калужская область",2014,326459.5
"128","Калужская область",2015,339760.8
"129","Калужская область",2016,409462.3
"130","Калужская область",2017,457052.5
"131","Калужская область",2018,507632.2
"132","Калужская область",2019,545109.4
"133","Костромская область",1998,8478.9
"134","Костромская область",1999,13363.6
"135","Костромская область",2000,16662.2
"136","Костромская область",2001,22221.5
"137","Костромская область",2002,25952.9
"138","Костромская область",2003,29692.1
"139","Костромская область",2004,37787.4
"140","Костромская область",2005,44684.7
"141","Костромская область",2006,54351.1
"142","Костромская область",2007,65700.4
"143","Костромская область",2008,81040.7
"144","Костромская область",2009,78920.7
"145","Костромская область",2010,98130.7
"146","Костромская область",2011,116629.8
"147","Костромская область",2012,130840.4
"148","Костромская область",2013,139015.9
"149","Костромская область",2014,146731.5
"150","Костромская область",2015,160579.8
"151","Костромская область",2016,170225.1
"152","Костромская область",2017,178485.6
"153","Костромская область",2018,191812.9
"154","Костромская область",2019,202926.1
"155","Курская область",1998,15507.9
"156","Курская область",1999,22033.9
"157","Курская область",2000,30167.7
"158","Курская область",2001,36399.8
"159","Курская область",2002,45309.4
"160","Курская область",2003,56383.1
"161","Курская область",2004,76506.1
"162","Курская область",2005,86624.9
"163","Курская область",2006,104035.7
"164","Курская область",2007,128799
"165","Курская область",2008,167865.8
"166","Курская область",2009,161570.9
"167","Курская область",2010,193648.6
"168","Курская область",2011,228851.4
"169","Курская область",2012,248213.1
"170","Курская область",2013,271542.5
"171","Курская область",2014,298287.3
"172","Курская область",2015,336999.4
"173","Курская область",2016,379011.3
"174","Курская область",2017,404759.8
"175","Курская область",2018,451000.5
"176","Курская область",2019,496699.4
"177","Липецкая область",1998,16400.5
"178","Липецкая область",1999,31008.7
"179","Липецкая область",2000,48067.7
"180","Липецкая область",2001,50574.1
"181","Липецкая область",2002,70590.5
"182","Липецкая область",2003,96241.9
"183","Липецкая область",2004,141778.3
"184","Липецкая область",2005,145194.4
"185","Липецкая область",2006,179057.3
"186","Липецкая область",2007,209821.5
"187","Липецкая область",2008,259532.2
"188","Липецкая область",2009,226662
"189","Липецкая область",2010,248544.9
"190","Липецкая область",2011,287816.8
"191","Липецкая область",2012,293301.3
"192","Липецкая область",2013,315685.4
"193","Липецкая область",2014,398464.5
"194","Липецкая область",2015,448994.3
"195","Липецкая область",2016,501263.5
"196","Липецкая область",2017,522266.2
"197","Липецкая область",2018,604396.2
"198","Липецкая область",2019,570380
"199","Московская область",1998,82056.8
"200","Московская область",1999,131178.3
"201","Московская область",2000,176693.6
"202","Московская область",2001,235159.6
"203","Московская область",2002,312950
"204","Московская область",2003,412089.3
"205","Московская область",2004,535204.4
"206","Московская область",2005,708062.1
"207","Московская область",2006,934328.9
"208","Московская область",2007,1295649.9
"209","Московская область",2008,1645753
"210","Московская область",2009,1519446.3
"211","Московская область",2010,1832867.3
"212","Московская область",2011,2176795.3
"213","Московская область",2012,2357081.9
"214","Московская область",2013,2545951.5
"215","Московская область",2014,2742886.1
"216","Московская область",2015,3180924.6
"217","Московская область",2016,4206506
"218","Московская область",2017,4290261.2
"219","Московская область",2018,4644635
"220","Московская область",2019,5128439.1
"221","Орловская область",1998,9506.9
"222","Орловская область",1999,15800
"223","Орловская область",2000,22160.8
"224","Орловская область",2001,27624.8
"225","Орловская область",2002,35657.4
"226","Орловская область",2003,42073.3
"227","Орловская область",2004,46042.3
"228","Орловская область",2005,53181.9
"229","Орловская область",2006,64801.6
"230","Орловская область",2007,77101.2
"231","Орловская область",2008,96669.9
"232","Орловская область",2009,90623.6
"233","Орловская область",2010,106196.7
"234","Орловская область",2011,131198.2
"235","Орловская область",2012,146103.2
"236","Орловская область",2013,164797
"237","Орловская область",2014,178822.5
"238","Орловская область",2015,208237.9
"239","Орловская область",2016,228583.1
"240","Орловская область",2017,231118.4
"241","Орловская область",2018,247105.5
"242","Орловская область",2019,265672.7
"243","Рязанская область",1998,12943.8
"244","Рязанская область",1999,20108.1
"245","Рязанская область",2000,27956.5
"246","Рязанская область",2001,37054.3
"247","Рязанская область",2002,45797.5
"248","Рязанская область",2003,59607.2
"249","Рязанская область",2004,69996
"250","Рязанская область",2005,84382.7
"251","Рязанская область",2006,105491.9
"252","Рязанская область",2007,121305.2
"253","Рязанская область",2008,150151.2
"254","Рязанская область",2009,153634.1
"255","Рязанская область",2010,179127.9
"256","Рязанская область",2011,214142.6
"257","Рязанская область",2012,253881.6
"258","Рязанская область",2013,279286.5
"259","Рязанская область",2014,295611.7
"260","Рязанская область",2015,323131.8
"261","Рязанская область",2016,366211.3
"262","Рязанская область",2017,395276.9
"263","Рязанская область",2018,416183.2
"264","Рязанская область",2019,436043.2
"265","Смоленская область",1998,11630.9
"266","Смоленская область",1999,20564.9
"267","Смоленская область",2000,28140.6
"268","Смоленская область",2001,36016.3
"269","Смоленская область",2002,42166.1
"270","Смоленская область",2003,49085.7
"271","Смоленская область",2004,56113.9
"272","Смоленская область",2005,65525.6
"273","Смоленская область",2006,79043.4
"274","Смоленская область",2007,95703.4
"275","Смоленская область",2008,121601.3
"276","Смоленская область",2009,125348.9
"277","Смоленская область",2010,154681.1
"278","Смоленская область",2011,180811.5
"279","Смоленская область",2012,201817
"280","Смоленская область",2013,225887.1
"281","Смоленская область",2014,234710.1
"282","Смоленская область",2015,256706.8
"283","Смоленская область",2016,283725.5
"284","Смоленская область",2017,313615.8
"285","Смоленская область",2018,335059.9
"286","Смоленская область",2019,348061.5
"287","Тамбовская область",1998,9871.3
"288","Тамбовская область",1999,16750.9
"289","Тамбовская область",2000,23387.3
"290","Тамбовская область",2001,31086.6
"291","Тамбовская область",2002,38897.8
"292","Тамбовская область",2003,46877.7
"293","Тамбовская область",2004,56775
"294","Тамбовская область",2005,63614.8
"295","Тамбовская область",2006,79766.2
"296","Тамбовская область",2007,106039.6
"297","Тамбовская область",2008,120836
"298","Тамбовская область",2009,136323.9
"299","Тамбовская область",2010,143902.4
"300","Тамбовская область",2011,173283.1
"301","Тамбовская область",2012,203331.5
"302","Тамбовская область",2013,236335.9
"303","Тамбовская область",2014,285656.5
"304","Тамбовская область",2015,317213.7
"305","Тамбовская область",2016,320623.4
"306","Тамбовская область",2017,320572.4
"307","Тамбовская область",2018,352202.6
"308","Тамбовская область",2019,354301.8
"309","Тверская область",1998,16784
"310","Тверская область",1999,25703.4
"311","Тверская область",2000,35341.1
"312","Тверская область",2001,46986.4
"313","Тверская область",2002,55732.6
"314","Тверская область",2003,68805.3
"315","Тверская область",2004,88081.5
"316","Тверская область",2005,96897.4
"317","Тверская область",2006,127363.8
"318","Тверская область",2007,156034.6
"319","Тверская область",2008,192283
"320","Тверская область",2009,197687
"321","Тверская область",2010,219004.9
"322","Тверская область",2011,255073
"323","Тверская область",2012,268063.9
"324","Тверская область",2013,298669.2
"325","Тверская область",2014,316613.2
"326","Тверская область",2015,329616
"327","Тверская область",2016,397438.9
"328","Тверская область",2017,420671.5
"329","Тверская область",2018,471065.5
"330","Тверская область",2019,485166.6
"331","Тульская область",1998,17890.5
"332","Тульская область",1999,28602.2
"333","Тульская область",2000,42061.3
"334","Тульская область",2001,52891.2
"335","Тульская область",2002,65416.3
"336","Тульская область",2003,72258
"337","Тульская область",2004,88119.6
"338","Тульская область",2005,116221.2
"339","Тульская область",2006,142240.1
"340","Тульская область",2007,174110.9
"341","Тульская область",2008,231730.8
"342","Тульская область",2009,214925.4
"343","Тульская область",2010,237629.2
"344","Тульская область",2011,279879.3
"345","Тульская область",2012,311240.3
"346","Тульская область",2013,348034.8
"347","Тульская область",2014,411122.3
"348","Тульская область",2015,477537.8
"349","Тульская область",2016,552308.4
"350","Тульская область",2017,594407.6
"351","Тульская область",2018,666763
"352","Тульская область",2019,681612.3
"353","Ярославская область",1998,19811.3
"354","Ярославская область",1999,33337.4
"355","Ярославская область",2000,41756.2
"356","Ярославская область",2001,61149.6
"357","Ярославская область",2002,75313.4
"358","Ярославская область",2003,92073.4
"359","Ярославская область",2004,112438.7
"360","Ярославская область",2005,131252.1
"361","Ярославская область",2006,153251.5
"362","Ярославская область",2007,186577.5
"363","Ярославская область",2008,214946.3
"364","Ярославская область",2009,212684.4
"365","Ярославская область",2010,239644
"366","Ярославская область",2011,286967.5
"367","Ярославская область",2012,327279.6
"368","Ярославская область",2013,362861.8
"369","Ярославская область",2014,391462.8
"370","Ярославская область",2015,443054.1
"371","Ярославская область",2016,498880.3
"372","Ярославская область",2017,534549.7
"373","Ярославская область",2018,583605.3
"374","Ярославская область",2019,606820.7
"375","г.Москва",1998,328497.9
"376","г.Москва",1999,695059.8
"377","г.Москва",2000,1159034
"378","г.Москва",2001,1370182.8
"379","г.Москва",2002,1767476.7
"380","г.Москва",2003,2188231.5
"381","г.Москва",2004,2853272.4
"382","г.Москва",2005,4135154.6
"383","г.Москва",2006,5260232.8
"384","г.Москва",2007,6696259.1
"385","г.Москва",2008,8248652
"386","г.Москва",2009,7126972.4
"387","г.Москва",2010,8375863.8
"388","г.Москва",2011,9948772.8
"389","г.Москва",2012,10666870.5
"390","г.Москва",2013,11814897.4
"391","г.Москва",2014,12779525.7
"392","г.Москва",2015,13520862.9
"393","г.Москва",2016,15121534.2
"394","г.Москва",2017,16538189.5
"395","г.Москва",2018,18777726
"396","г.Москва",2019,19673004
"397","Республика Карелия",1998,11241.6
"398","Республика Карелия",1999,20040.4
"399","Республика Карелия",2000,28214.6
"400","Республика Карелия",2001,33721.2
"401","Республика Карелия",2002,41362.4
"402","Республика Карелия",2003,46588.9
"403","Республика Карелия",2004,53964.1
"404","Республика Карелия",2005,77124.8
"405","Республика Карелия",2006,84228.3
"406","Республика Карелия",2007,104603.3
"407","Республика Карелия",2008,115208.2
"408","Республика Карелия",2009,105924.1
"409","Республика Карелия",2010,120511.3
"410","Республика Карелия",2011,154953.7
"411","Республика Карелия",2012,160841.5
"412","Республика Карелия",2013,178636.2
"413","Республика Карелия",2014,191192.1
"414","Республика Карелия",2015,212049.5
"415","Республика Карелия",2016,248140.4
"416","Республика Карелия",2017,270802.5
"417","Республика Карелия",2018,300977.1
"418","Республика Карелия",2019,325184.7
"419","Республика Коми",1998,29127.5
"420","Республика Коми",1999,43810.6
"421","Республика Коми",2000,59473.1
"422","Республика Коми",2001,78276.5
"423","Республика Коми",2002,86019.4
"424","Республика Коми",2003,107149
"425","Республика Коми",2004,131588
"426","Республика Коми",2005,171307.2
"427","Республика Коми",2006,218490.7
"428","Республика Коми",2007,241150.5
"429","Республика Коми",2008,291812.1
"430","Республика Коми",2009,302629.2
"431","Республика Коми",2010,353853
"432","Республика Коми",2011,435959.3
"433","Республика Коми",2012,479051.3
"434","Республика Коми",2013,482329.9
"435","Республика Коми",2014,484166.5
"436","Республика Коми",2015,528403.4
"437","Республика Коми",2016,578649.1
"438","Республика Коми",2017,608574.5
"439","Республика Коми",2018,696242.2
"440","Республика Коми",2019,720665.3
"441","Архангельская область",1998,22435.5
"442","Архангельская область",1999,35928.4
"443","Архангельская область",2000,61806.9
"444","Архангельская область",2001,67274.7
"445","Архангельская область",2002,83158.8
"446","Архангельская область",2003,103951.3
"447","Архангельская область",2004,142564.7
"448","Архангельская область",2005,166433.4
"449","Архангельская область",2006,215932.7
"450","Архангельская область",2007,268672.1
"451","Архангельская область",2008,289755.9
"452","Архангельская область",2009,323606.8
"453","Архангельская область",2010,372804.8
"454","Архангельская область",2011,439116.8
"455","Архангельская область",2012,472470.9
"456","Архангельская область",2013,500095.1
"457","Архангельская область",2014,542695.3
"458","Архангельская область",2015,627698.1
"459","Архангельская область",2016,713043.9
"460","Архангельская область",2017,759206.5
"461","Архангельская область",2018,865723.3
"462","Архангельская область",2019,890166.5
"463","в т.ч. Ненецкий авт. округ",1998,NA
"464","в т.ч. Ненецкий авт. округ",1999,NA
"465","в т.ч. Ненецкий авт. округ",2000,11924
"466","в т.ч. Ненецкий авт. округ",2001,11883.5
"467","в т.ч. Ненецкий авт. округ",2002,16480.8
"468","в т.ч. Ненецкий авт. округ",2003,25040.6
"469","в т.ч. Ненецкий авт. округ",2004,39586.7
"470","в т.ч. Ненецкий авт. округ",2005,44718.3
"471","в т.ч. Ненецкий авт. округ",2006,67248.4
"472","в т.ч. Ненецкий авт. округ",2007,97838.3
"473","в т.ч. Ненецкий авт. округ",2008,91476.4
"474","в т.ч. Ненецкий авт. округ",2009,130177.7
"475","в т.ч. Ненецкий авт. округ",2010,145928.3
"476","в т.ч. Ненецкий авт. округ",2011,165431.3
"477","в т.ч. Ненецкий авт. округ",2012,157067.1
"478","в т.ч. Ненецкий авт. округ",2013,173170.2
"479","в т.ч. Ненецкий авт. округ",2014,187009.8
"480","в т.ч. Ненецкий авт. округ",2015,227193.5
"481","в т.ч. Ненецкий авт. округ",2016,261772.5
"482","в т.ч. Ненецкий авт. округ",2017,265790.9
"483","в т.ч. Ненецкий авт. округ",2018,320405.7
"484","в т.ч. Ненецкий авт. округ",2019,331115.4
"485","Архангельская область без Ненецкого авт.округа",1998,NA
"486","Архангельская область без Ненецкого авт.округа",1999,NA
"487","Архангельская область без Ненецкого авт.округа",2000,NA
"488","Архангельская область без Ненецкого авт.округа",2001,NA
"489","Архангельская область без Ненецкого авт.округа",2002,NA
"490","Архангельская область без Ненецкого авт.округа",2003,NA
"491","Архангельская область без Ненецкого авт.округа",2004,NA
"492","Архангельская область без Ненецкого авт.округа",2005,NA
"493","Архангельская область без Ненецкого авт.округа",2006,NA
"494","Архангельская область без Ненецкого авт.округа",2007,NA
"495","Архангельская область без Ненецкого авт.округа",2008,NA
"496","Архангельская область без Ненецкого авт.округа",2009,NA
"497","Архангельская область без Ненецкого авт.округа",2010,NA
"498","Архангельская область без Ненецкого авт.округа",2011,273685.5
"499","Архангельская область без Ненецкого авт.округа",2012,315403.8
"500","Архангельская область без Ненецкого авт.округа",2013,326924.9
"501","Архангельская область без Ненецкого авт.округа",2014,355685.5
"502","Архангельская область без Ненецкого авт.округа",2015,400504.6
"503","Архангельская область без Ненецкого авт.округа",2016,451271.4
"504","Архангельская область без Ненецкого авт.округа",2017,493415.6
"505","Архангельская область без Ненецкого авт.округа",2018,545317.6
"506","Архангельская область без Ненецкого авт.округа",2019,559051.1
"507","Вологодская область",1998,23748.4
"508","Вологодская область",1999,44974.4
"509","Вологодская область",2000,69195.5
"510","Вологодская область",2001,65425.3
"511","Вологодская область",2002,80731.9
"512","Вологодская область",2003,107544.6
"513","Вологодская область",2004,161378.6
"514","Вологодская область",2005,193966.1
"515","Вологодская область",2006,201939.2
"516","Вологодская область",2007,243336.3
"517","Вологодская область",2008,294926.2
"518","Вологодская область",2009,213396.9
"519","Вологодская область",2010,262432.7
"520","Вологодская область",2011,323067.9
"521","Вологодская область",2012,355291.3
"522","Вологодская область",2013,346227.6
"523","Вологодская область",2014,387211.7
"524","Вологодская область",2015,478893
"525","Вологодская область",2016,509931.7
"526","Вологодская область",2017,542663.4
"527","Вологодская область",2018,615647.7
"528","Вологодская область",2019,630137.7
"529","Калининградская область",1998,8405.8
"530","Калининградская область",1999,15619.6
"531","Калининградская область",2000,23290.3
"532","Калининградская область",2001,32327.2
"533","Калининградская область",2002,40120.3
"534","Калининградская область",2003,46757.7
"535","Калининградская область",2004,66552.1
"536","Калининградская область",2005,81837.6
"537","Калининградская область",2006,103138.7
"538","Калининградская область",2007,143927.7
"539","Калининградская область",2008,179266.7
"540","Калининградская область",2009,169519.6
"541","Калининградская область",2010,195749.1
"542","Калининградская область",2011,241004.8
"543","Калининградская область",2012,265361.2
"544","Калининградская область",2013,275885.8
"545","Калининградская область",2014,314088.3
"546","Калининградская область",2015,349818.6
"547","Калининградская область",2016,417094.9
"548","Калининградская область",2017,446677.6
"549","Калининградская область",2018,493302.4
"550","Калининградская область",2019,519724.5
"551","Ленинградская область",1998,21515.9
"552","Ленинградская область",1999,39742.8
"553","Ленинградская область",2000,56001.9
"554","Ленинградская область",2001,75858.6
"555","Ленинградская область",2002,94747
"556","Ленинградская область",2003,121222.3
"557","Ленинградская область",2004,166445
"558","Ленинградская область",2005,205416.9
"559","Ленинградская область",2006,265260.4
"560","Ленинградская область",2007,309028.6
"561","Ленинградская область",2008,383255.4
"562","Ленинградская область",2009,430395.5
"563","Ленинградская область",2010,490303.7
"564","Ленинградская область",2011,581712
"565","Ленинградская область",2012,672066.9
"566","Ленинградская область",2013,678718.3
"567","Ленинградская область",2014,703325.6
"568","Ленинградская область",2015,849616.6
"569","Ленинградская область",2016,953668.3
"570","Ленинградская область",2017,1002543.3
"571","Ленинградская область",2018,1147644.4
"572","Ленинградская область",2019,1224514.1
"573","Мурманская область",1998,22675.9
"574","Мурманская область",1999,40973.5
"575","Мурманская область",2000,55135
"576","Мурманская область",2001,57569.3
"577","Мурманская область",2002,68445.4
"578","Мурманская область",2003,80604.1
"579","Мурманская область",2004,124972
"580","Мурманская область",2005,132870.2
"581","Мурманская область",2006,158127
"582","Мурманская область",2007,191584.6
"583","Мурманская область",2008,213733.5
"584","Мурманская область",2009,202235.5
"585","Мурманская область",2010,233438.9
"586","Мурманская область",2011,263811.7
"587","Мурманская область",2012,283846.2
"588","Мурманская область",2013,306578.7
"589","Мурманская область",2014,328291.8
"590","Мурманская область",2015,401582.7
"591","Мурманская область",2016,467006.5
"592","Мурманская область",2017,479352.8
"593","Мурманская область",2018,521051.5
"594","Мурманская область",2019,616909
"595","Новгородская область",1998,9361
"596","Новгородская область",1999,15726.4
"597","Новгородская область",2000,20965.5
"598","Новгородская область",2001,27501
"599","Новгородская область",2002,31466.8
"600","Новгородская область",2003,38081.7
"601","Новгородская область",2004,49242.3
"602","Новгородская область",2005,63848.3
"603","Новгородская область",2006,74923.8
"604","Новгородская область",2007,86664.9
"605","Новгородская область",2008,115141.3
"606","Новгородская область",2009,117710
"607","Новгородская область",2010,127407.8
"608","Новгородская область",2011,153419.7
"609","Новгородская область",2012,170605.7
"610","Новгородская область",2013,178818.1
"611","Новгородская область",2014,209304.4
"612","Новгородская область",2015,234075.7
"613","Новгородская область",2016,253056.8
"614","Новгородская область",2017,256165.8
"615","Новгородская область",2018,259255.8
"616","Новгородская область",2019,273543.5
"617","Псковская область",1998,6161.2
"618","Псковская область",1999,11142.4
"619","Псковская область",2000,16178.9
"620","Псковская область",2001,19416.9
"621","Псковская область",2002,24098.9
"622","Псковская область",2003,29488.4
"623","Псковская область",2004,35816
"624","Псковская область",2005,40582.9
"625","Псковская область",2006,51464.9
"626","Псковская область",2007,61561.9
"627","Псковская область",2008,73283.2
"628","Псковская область",2009,74647.8
"629","Псковская область",2010,87066
"630","Псковская область",2011,100498.5
"631","Псковская область",2012,107547.5
"632","Псковская область",2013,114676.2
"633","Псковская область",2014,123825.6
"634","Псковская область",2015,135239.5
"635","Псковская область",2016,159206.1
"636","Псковская область",2017,165858.1
"637","Псковская область",2018,180730.3
"638","Псковская область",2019,197129.6
"639","г.Санкт-Петербург",1998,86112.2
"640","г.Санкт-Петербург",1999,134354.2
"641","г.Санкт-Петербург",2000,188243
"642","г.Санкт-Петербург",2001,251654.4
"643","г.Санкт-Петербург",2002,336692.3
"644","г.Санкт-Петербург",2003,409638.5
"645","г.Санкт-Петербург",2004,542359.2
"646","г.Санкт-Петербург",2005,666392.8
"647","г.Санкт-Петербург",2006,825102.3
"648","г.Санкт-Петербург",2007,1119660.3
"649","г.Санкт-Петербург",2008,1431839.6
"650","г.Санкт-Петербург",2009,1475805.3
"651","г.Санкт-Петербург",2010,1699486.4
"652","г.Санкт-Петербург",2011,2091914.3
"653","г.Санкт-Петербург",2012,2280426
"654","г.Санкт-Петербург",2013,2491423.3
"655","г.Санкт-Петербург",2014,2661210
"656","г.Санкт-Петербург",2015,3387417.7
"657","г.Санкт-Петербург",2016,4099939.7
"658","г.Санкт-Петербург",2017,4283036.3
"659","г.Санкт-Петербург",2018,4785218.6
"660","г.Санкт-Петербург",2019,5124594
"661","Республика Адыгея",1998,3112.6
"662","Республика Адыгея",1999,4524.8
"663","Республика Адыгея",2000,5519.6
"664","Республика Адыгея",2001,6641.8
"665","Республика Адыгея",2002,7909.9
"666","Республика Адыгея",2003,9849.3
"667","Республика Адыгея",2004,12493.2
"668","Республика Адыгея",2005,17029.1
"669","Республика Адыгея",2006,21132.4
"670","Республика Адыгея",2007,29085.1
"671","Республика Адыгея",2008,36134.4
"672","Республика Адыгея",2009,41511.5
"673","Республика Адыгея",2010,47194.5
"674","Республика Адыгея",2011,56803.3
"675","Республика Адыгея",2012,65300.4
"676","Республика Адыгея",2013,70862.3
"677","Республика Адыгея",2014,75622.5
"678","Республика Адыгея",2015,84306
"679","Республика Адыгея",2016,101102.7
"680","Республика Адыгея",2017,109714.5
"681","Республика Адыгея",2018,119961.8
"682","Республика Адыгея",2019,132235.6
"683","Республика Калмыкия",1998,1525.3
"684","Республика Калмыкия",1999,2198
"685","Республика Калмыкия",2000,6212.6
"686","Республика Калмыкия",2001,6732
"687","Республика Калмыкия",2002,7272.3
"688","Республика Калмыкия",2003,6539.5
"689","Республика Калмыкия",2004,8518.5
"690","Республика Калмыкия",2005,9685.7
"691","Республика Калмыкия",2006,12844.1
"692","Республика Калмыкия",2007,17225.8
"693","Республика Калмыкия",2008,20789.7
"694","Республика Калмыкия",2009,23948.1
"695","Республика Калмыкия",2010,24404.1
"696","Республика Калмыкия",2011,29318.7
"697","Республика Калмыкия",2012,35897.8
"698","Республика Калмыкия",2013,41165.9
"699","Республика Калмыкия",2014,46680.6
"700","Республика Калмыкия",2015,51958.5
"701","Республика Калмыкия",2016,69564.2
"702","Республика Калмыкия",2017,80126.9
"703","Республика Калмыкия",2018,86107.1
"704","Республика Калмыкия",2019,88948.9
"705","Краснодарский край",1998,51621.9
"706","Краснодарский край",1999,98882
"707","Краснодарский край",2000,137125.3
"708","Краснодарский край",2001,179177.5
"709","Краснодарский край",2002,217727.6
"710","Краснодарский край",2003,248565.5
"711","Краснодарский край",2004,313623.6
"712","Краснодарский край",2005,372929.8
"713","Краснодарский край",2006,483950.7
"714","Краснодарский край",2007,648211.3
"715","Краснодарский край",2008,803834.1
"716","Краснодарский край",2009,861603.3
"717","Краснодарский край",2010,1028308.4
"718","Краснодарский край",2011,1244652.8
"719","Краснодарский край",2012,1459490.8
"720","Краснодарский край",2013,1662969.1
"721","Краснодарский край",2014,1784833.5
"722","Краснодарский край",2015,1933512.1
"723","Краснодарский край",2016,2257074.5
"724","Краснодарский край",2017,2422752.7
"725","Краснодарский край",2018,2499915.5
"726","Краснодарский край",2019,2569810.7
"727","Астраханская область",1998,10356.3
"728","Астраханская область",1999,16032.8
"729","Астраханская область",2000,28115.7
"730","Астраханская область",2001,32274.3
"731","Астраханская область",2002,40994.9
"732","Астраханская область",2003,50659.8
"733","Астраханская область",2004,56710.9
"734","Астраханская область",2005,70127.6
"735","Астраханская область",2006,85112.1
"736","Астраханская область",2007,100359.2
"737","Астраханская область",2008,147549.1
"738","Астраханская область",2009,134418.2
"739","Астраханская область",2010,144888.8
"740","Астраханская область",2011,172616.6
"741","Астраханская область",2012,209654.4
"742","Астраханская область",2013,273917.1
"743","Астраханская область",2014,296319.3
"744","Астраханская область",2015,322303
"745","Астраханская область",2016,368485.4
"746","Астраханская область",2017,442608.8
"747","Астраханская область",2018,579210
"748","Астраханская область",2019,602306.7
"749","Волгоградская область",1998,30261.5
"750","Волгоградская область",1999,44411.1
"751","Волгоградская область",2000,63767.1
"752","Волгоградская область",2001,82919.7
"753","Волгоградская область",2002,104341.2
"754","Волгоградская область",2003,128622.2
"755","Волгоградская область",2004,154337.7
"756","Волгоградская область",2005,203232.2
"757","Волгоградская область",2006,252142.7
"758","Волгоградская область",2007,331766.8
"759","Волгоградская область",2008,416678.5
"760","Волгоградская область",2009,377514.3
"761","Волгоградская область",2010,433473.7
"762","Волгоградская область",2011,508433.3
"763","Волгоградская область",2012,571516.1
"764","Волгоградская область",2013,607472.2
"765","Волгоградская область",2014,715409.6
"766","Волгоградская область",2015,740458
"767","Волгоградская область",2016,825586.5
"768","Волгоградская область",2017,850263.7
"769","Волгоградская область",2018,927811.7
"770","Волгоградская область",2019,961413.3
"771","Ростовская область",1998,37891.8
"772","Ростовская область",1999,64207.2
"773","Ростовская область",2000,88955
"774","Ростовская область",2001,118762.5
"775","Ростовская область",2002,140773.3
"776","Ростовская область",2003,171849
"777","Ростовская область",2004,221167.4
"778","Ростовская область",2005,263051.5
"779","Ростовская область",2006,340012.5
"780","Ростовская область",2007,450434.7
"781","Ростовская область",2008,576125.7
"782","Ростовская область",2009,555917.1
"783","Ростовская область",2010,659667.4
"784","Ростовская область",2011,765967.2
"785","Ростовская область",2012,843560.3
"786","Ростовская область",2013,917689.1
"787","Ростовская область",2014,1007758.8
"788","Ростовская область",2015,1189144
"789","Ростовская область",2016,1375107.4
"790","Ростовская область",2017,1441723.3
"791","Ростовская область",2018,1548222.9
"792","Ростовская область",2019,1637748.1
"793","Республика Дагестан",1998,8480.3
"794","Республика Дагестан",1999,13014.1
"795","Республика Дагестан",2000,20921.1
"796","Республика Дагестан",2001,31544
"797","Республика Дагестан",2002,41441
"798","Республика Дагестан",2003,57626.7
"799","Республика Дагестан",2004,80712.4
"800","Республика Дагестан",2005,90442.6
"801","Республика Дагестан",2006,124153.5
"802","Республика Дагестан",2007,156928.8
"803","Республика Дагестан",2008,216277.2
"804","Республика Дагестан",2009,257832.7
"805","Республика Дагестан",2010,274354.2
"806","Республика Дагестан",2011,330322.8
"807","Республика Дагестан",2012,374710.3
"808","Республика Дагестан",2013,452882.2
"809","Республика Дагестан",2014,528131.3
"810","Республика Дагестан",2015,569297.3
"811","Республика Дагестан",2016,617587.6
"812","Республика Дагестан",2017,639513.3
"813","Республика Дагестан",2018,676060.8
"814","Республика Дагестан",2019,718497.8
"815","Республика Ингушетия",1998,1025.2
"816","Республика Ингушетия",1999,1635.9
"817","Республика Ингушетия",2000,2618.5
"818","Республика Ингушетия",2001,3604.3
"819","Республика Ингушетия",2002,3582.1
"820","Республика Ингушетия",2003,4756.6
"821","Республика Ингушетия",2004,6210.4
"822","Республика Ингушетия",2005,7419.3
"823","Республика Ингушетия",2006,9033.5
"824","Республика Ингушетия",2007,16812.4
"825","Республика Ингушетия",2008,19172.9
"826","Республика Ингушетия",2009,18953.3
"827","Республика Ингушетия",2010,19929.1
"828","Республика Ингушетия",2011,26858.9
"829","Республика Ингушетия",2012,37413.9
"830","Республика Ингушетия",2013,45766.7
"831","Республика Ингушетия",2014,51908.2
"832","Республика Ингушетия",2015,50091
"833","Республика Ингушетия",2016,58141.5
"834","Республика Ингушетия",2017,60855.8
"835","Республика Ингушетия",2018,67468.2
"836","Республика Ингушетия",2019,73186.1
"837","Кабардино-Балкарская Республика",1998,5723.1
"838","Кабардино-Балкарская Республика",1999,9674
"839","Кабардино-Балкарская Республика",2000,14081.3
"840","Кабардино-Балкарская Республика",2001,19443.3
"841","Кабардино-Балкарская Республика",2002,22774.5
"842","Кабардино-Балкарская Республика",2003,25997.4
"843","Кабардино-Балкарская Республика",2004,29052.9
"844","Кабардино-Балкарская Республика",2005,36833.4
"845","Кабардино-Балкарская Республика",2006,43309.7
"846","Кабардино-Балкарская Республика",2007,48908.7
"847","Кабардино-Балкарская Республика",2008,58093.4
"848","Кабардино-Балкарская Республика",2009,65660.1
"849","Кабардино-Балкарская Республика",2010,77086.4
"850","Кабардино-Балкарская Республика",2011,90594.5
"851","Кабардино-Балкарская Республика",2012,106711.2
"852","Кабардино-Балкарская Республика",2013,110971.5
"853","Кабардино-Балкарская Республика",2014,116886
"854","Кабардино-Балкарская Республика",2015,120528.8
"855","Кабардино-Балкарская Республика",2016,152970.8
"856","Кабардино-Балкарская Республика",2017,155221.8
"857","Кабардино-Балкарская Республика",2018,161577.5
"858","Кабардино-Балкарская Республика",2019,171044.4
"859","Карачаево-Черкесская Республика",1998,2817.3
"860","Карачаево-Черкесская Республика",1999,4207.9
"861","Карачаево-Черкесская Республика",2000,5461.5
"862","Карачаево-Черкесская Республика",2001,7324.8
"863","Карачаево-Черкесская Республика",2002,10234.5
"864","Карачаево-Черкесская Республика",2003,11481.1
"865","Карачаево-Черкесская Республика",2004,13127.2
"866","Карачаево-Черкесская Республика",2005,16724.3
"867","Карачаево-Черкесская Республика",2006,23260.1
"868","Карачаево-Черкесская Республика",2007,27469.7
"869","Карачаево-Черкесская Республика",2008,35714.2
"870","Карачаево-Черкесская Республика",2009,38584.1
"871","Карачаево-Черкесская Республика",2010,43651.5
"872","Карачаево-Черкесская Республика",2011,49252.1
"873","Карачаево-Черкесская Республика",2012,58712.1
"874","Карачаево-Черкесская Республика",2013,66106.6
"875","Карачаево-Черкесская Республика",2014,65326.6
"876","Карачаево-Черкесская Республика",2015,67482.7
"877","Карачаево-Черкесская Республика",2016,78521.1
"878","Карачаево-Черкесская Республика",2017,82765.6
"879","Карачаево-Черкесская Республика",2018,85737.9
"880","Карачаево-Черкесская Республика",2019,92019
"881","Республика Северная Осетия-Алания",1998,3909.6
"882","Республика Северная Осетия-Алания",1999,6774.5
"883","Республика Северная Осетия-Алания",2000,8363.2
"884","Республика Северная Осетия-Алания",2001,12665.3
"885","Республика Северная Осетия-Алания",2002,15997.5
"886","Республика Северная Осетия-Алания",2003,18925.2
"887","Республика Северная Осетия-Алания",2004,24268
"888","Республика Северная Осетия-Алания",2005,31182.2
"889","Республика Северная Осетия-Алания",2006,43341.2
"890","Республика Северная Осетия-Алания",2007,52804.8
"891","Республика Северная Осетия-Алания",2008,57707.4
"892","Республика Северная Осетия-Алания",2009,64081.4
"893","Республика Северная Осетия-Алания",2010,75327.4
"894","Республика Северная Осетия-Алания",2011,85876.7
"895","Республика Северная Осетия-Алания",2012,97448.8
"896","Республика Северная Осетия-Алания",2013,118637.5
"897","Республика Северная Осетия-Алания",2014,125960.5
"898","Республика Северная Осетия-Алания",2015,126051.2
"899","Республика Северная Осетия-Алания",2016,148810.1
"900","Республика Северная Осетия-Алания",2017,152526.4
"901","Республика Северная Осетия-Алания",2018,161092.7
"902","Республика Северная Осетия-Алания",2019,173235.4
"903","Чеченская Республика",1998,NA
"904","Чеченская Республика",1999,NA
"905","Чеченская Республика",2000,NA
"906","Чеченская Республика",2001,NA
"907","Чеченская Республика",2002,NA
"908","Чеченская Республика",2003,NA
"909","Чеченская Республика",2004,NA
"910","Чеченская Республика",2005,22898.9
"911","Чеченская Республика",2006,32344.4
"912","Чеченская Республика",2007,48056.1
"913","Чеченская Республика",2008,66273.8
"914","Чеченская Республика",2009,64308.3
"915","Чеченская Республика",2010,70694.9
"916","Чеченская Республика",2011,86623
"917","Чеченская Республика",2012,102289.1
"918","Чеченская Республика",2013,122402.8
"919","Чеченская Республика",2014,148942.1
"920","Чеченская Республика",2015,154401.4
"921","Чеченская Республика",2016,201634.8
"922","Чеченская Республика",2017,215975.9
"923","Чеченская Республика",2018,223853.7
"924","Чеченская Республика",2019,241631.6
"925","Ставропольский край",1998,28279.8
"926","Ставропольский край",1999,38385.6
"927","Ставропольский край",2000,53732.4
"928","Ставропольский край",2001,67860.4
"929","Ставропольский край",2002,80534.5
"930","Ставропольский край",2003,101382.6
"931","Ставропольский край",2004,122235.4
"932","Ставропольский край",2005,146569.3
"933","Ставропольский край",2006,181675.1
"934","Ставропольский край",2007,222239.6
"935","Ставропольский край",2008,274992
"936","Ставропольский край",2009,277251
"937","Ставропольский край",2010,330790.8
"938","Ставропольский край",2011,396791.6
"939","Ставропольский край",2012,431753.4
"940","Ставропольский край",2013,480905.3
"941","Ставропольский край",2014,540796.8
"942","Ставропольский край",2015,621198.3
"943","Ставропольский край",2016,712594.5
"944","Ставропольский край",2017,735609.5
"945","Ставропольский край",2018,784045.7
"946","Ставропольский край",2019,827044.4
"947","Республика Башкортостан",1998,56529
"948","Республика Башкортостан",1999,97653.6
"949","Республика Башкортостан",2000,145125
"950","Республика Башкортостан",2001,166974.8
"951","Республика Башкортостан",2002,187842.2
"952","Республика Башкортостан",2003,242920.5
"953","Республика Башкортостан",2004,310845.1
"954","Республика Башкортостан",2005,381646.5
"955","Республика Башкортостан",2006,505205.8
"956","Республика Башкортостан",2007,590054.1
"957","Республика Башкортостан",2008,743133.4
"958","Республика Башкортостан",2009,647911.7
"959","Республика Башкортостан",2010,759203.3
"960","Республика Башкортостан",2011,941023.6
"961","Республика Башкортостан",2012,1149384.6
"962","Республика Башкортостан",2013,1163219
"963","Республика Башкортостан",2014,1260010.4
"964","Республика Башкортостан",2015,1316598.3
"965","Республика Башкортостан",2016,1421517.6
"966","Республика Башкортостан",2017,1487892.2
"967","Республика Башкортостан",2018,1739362.9
"968","Республика Башкортостан",2019,1810091
"969","Республика Марий Эл",1998,6108.1
"970","Республика Марий Эл",1999,9222.6
"971","Республика Марий Эл",2000,11207.6
"972","Республика Марий Эл",2001,15087.8
"973","Республика Марий Эл",2002,17815.3
"974","Республика Марий Эл",2003,22987.3
"975","Республика Марий Эл",2004,30085.6
"976","Республика Марий Эл",2005,33350.7
"977","Республика Марий Эл",2006,43663.7
"978","Республика Марий Эл",2007,55069.2
"979","Республика Марий Эл",2008,65765.3
"980","Республика Марий Эл",2009,69271.5
"981","Республика Марий Эл",2010,82374.4
"982","Республика Марий Эл",2011,97323.3
"983","Республика Марий Эл",2012,117201.1
"984","Республика Марий Эл",2013,125950.2
"985","Республика Марий Эл",2014,143396.1
"986","Республика Марий Эл",2015,171689.5
"987","Республика Марий Эл",2016,170890.5
"988","Республика Марий Эл",2017,178193.2
"989","Республика Марий Эл",2018,192690.3
"990","Республика Марий Эл",2019,204080.8
"991","Республика Мордовия",1998,8347.2
"992","Республика Мордовия",1999,12160.6
"993","Республика Мордовия",2000,17553.4
"994","Республика Мордовия",2001,22089.5
"995","Республика Мордовия",2002,27508
"996","Республика Мордовия",2003,33244
"997","Республика Мордовия",2004,38334.9
"998","Республика Мордовия",2005,44267
"999","Республика Мордовия",2006,57974.2
"1000","Республика Мордовия",2007,77048.8
"1001","Республика Мордовия",2008,94058.3
"1002","Республика Мордовия",2009,90862.4
"1003","Республика Мордовия",2010,105343.8
"1004","Республика Мордовия",2011,119955.2
"1005","Республика Мордовия",2012,134315.6
"1006","Республика Мордовия",2013,148705.7
"1007","Республика Мордовия",2014,173872.7
"1008","Республика Мордовия",2015,180352.3
"1009","Республика Мордовия",2016,223297.8
"1010","Республика Мордовия",2017,236090.8
"1011","Республика Мордовия",2018,245675.6
"1012","Республика Мордовия",2019,263349.2
"1013","Республика Татарстан",1998,65727.8
"1014","Республика Татарстан",1999,108354.9
"1015","Республика Татарстан",2000,186154.4
"1016","Республика Татарстан",2001,213740
"1017","Республика Татарстан",2002,250596
"1018","Республика Татарстан",2003,305086.1
"1019","Республика Татарстан",2004,391116
"1020","Республика Татарстан",2005,482759.2
"1021","Республика Татарстан",2006,605911.5
"1022","Республика Татарстан",2007,757401.4
"1023","Республика Татарстан",2008,926056.7
"1024","Республика Татарстан",2009,885064
"1025","Республика Татарстан",2010,1001622.8
"1026","Республика Татарстан",2011,1305947
"1027","Республика Татарстан",2012,1437001
"1028","Республика Татарстан",2013,1551472.1
"1029","Республика Татарстан",2014,1661413.8
"1030","Республика Татарстан",2015,1867258.7
"1031","Республика Татарстан",2016,2058139.9
"1032","Республика Татарстан",2017,2264655.8
"1033","Республика Татарстан",2018,2622773.9
"1034","Республика Татарстан",2019,2795850.6
"1035","Удмуртская Республика",1998,18923.4
"1036","Удмуртская Республика",1999,34596
"1037","Удмуртская Республика",2000,53307.4
"1038","Удмуртская Республика",2001,65551.4
"1039","Удмуртская Республика",2002,78346.3
"1040","Удмуртская Республика",2003,89034.5
"1041","Удмуртская Республика",2004,100833.1
"1042","Удмуртская Республика",2005,139995.3
"1043","Удмуртская Республика",2006,164848.5
"1044","Удмуртская Республика",2007,205647.4
"1045","Удмуртская Республика",2008,243135.5
"1046","Удмуртская Республика",2009,230938.3
"1047","Удмуртская Республика",2010,274578.1
"1048","Удмуртская Республика",2011,335984
"1049","Удмуртская Республика",2012,372782.7
"1050","Удмуртская Республика",2013,405126.4
"1051","Удмуртская Республика",2014,450548.9
"1052","Удмуртская Республика",2015,517999.8
"1053","Удмуртская Республика",2016,570254.8
"1054","Удмуртская Республика",2017,592037.6
"1055","Удмуртская Республика",2018,679938.9
"1056","Удмуртская Республика",2019,721345.1
"1057","Чувашская Республика",1998,11152.5
"1058","Чувашская Республика",1999,16582.3
"1059","Чувашская Республика",2000,22995.1
"1060","Чувашская Республика",2001,30778.5
"1061","Чувашская Республика",2002,37180.6
"1062","Чувашская Республика",2003,45133.1
"1063","Чувашская Республика",2004,59573.8
"1064","Чувашская Республика",2005,69391.6
"1065","Чувашская Республика",2006,93172
"1066","Чувашская Республика",2007,123453.3
"1067","Чувашская Республика",2008,155032.3
"1068","Чувашская Республика",2009,139909.5
"1069","Чувашская Республика",2010,157704.6
"1070","Чувашская Республика",2011,188785.7
"1071","Чувашская Республика",2012,217821.1
"1072","Чувашская Республика",2013,223147.9
"1073","Чувашская Республика",2014,237447.2
"1074","Чувашская Республика",2015,251307
"1075","Чувашская Республика",2016,284659.1
"1076","Чувашская Республика",2017,296505.8
"1077","Чувашская Республика",2018,316622.9
"1078","Чувашская Республика",2019,339766.5
"1079","Пермский край",1998,52127.6
"1080","Пермский край",1999,87331.7
"1081","Пермский край",2000,124142.2
"1082","Пермский край",2001,166803.4
"1083","Пермский край",2002,178091
"1084","Пермский край",2003,209275.7
"1085","Пермский край",2004,266325.9
"1086","Пермский край",2005,327273.3
"1087","Пермский край",2006,383770.1
"1088","Пермский край",2007,477794.2
"1089","Пермский край",2008,607362.7
"1090","Пермский край",2009,539831.5
"1091","Пермский край",2010,623116.8
"1092","Пермский край",2011,840101.1
"1093","Пермский край",2012,860342.7
"1094","Пермский край",2013,880264.4
"1095","Пермский край",2014,974192.9
"1096","Пермский край",2015,1063780.3
"1097","Пермский край",2016,1147634
"1098","Пермский край",2017,1245826.9
"1099","Пермский край",2018,1422704.6
"1100","Пермский край",2019,1495011.8
"1101","Кировская область",1998,15717.5
"1102","Кировская область",1999,25236.7
"1103","Кировская область",2000,35795.4
"1104","Кировская область",2001,41699
"1105","Кировская область",2002,49974.2
"1106","Кировская область",2003,57795.8
"1107","Кировская область",2004,70706.2
"1108","Кировская область",2005,79800.6
"1109","Кировская область",2006,97047.1
"1110","Кировская область",2007,118154.9
"1111","Кировская область",2008,151116.7
"1112","Кировская область",2009,146321.3
"1113","Кировская область",2010,172352
"1114","Кировская область",2011,195269.5
"1115","Кировская область",2012,208505.4
"1116","Кировская область",2013,224152.3
"1117","Кировская область",2014,254089.4
"1118","Кировская область",2015,282191
"1119","Кировская область",2016,313533.8
"1120","Кировская область",2017,331754.4
"1121","Кировская область",2018,353265.5
"1122","Кировская область",2019,370255.9
"1123","Нижегородская область",1998,47409.5
"1124","Нижегородская область",1999,72132
"1125","Нижегородская область",2000,105055.9
"1126","Нижегородская область",2001,149322.6
"1127","Нижегородская область",2002,170826.5
"1128","Нижегородская область",2003,206926
"1129","Нижегородская область",2004,241230.4
"1130","Нижегородская область",2005,299723.7
"1131","Нижегородская область",2006,376180.3
"1132","Нижегородская область",2007,473307.4
"1133","Нижегородская область",2008,588790.8
"1134","Нижегородская область",2009,547223
"1135","Нижегородская область",2010,652805.9
"1136","Нижегородская область",2011,770774
"1137","Нижегородская область",2012,842195.5
"1138","Нижегородская область",2013,925182
"1139","Нижегородская область",2014,1009460.1
"1140","Нижегородская область",2015,1104643.2
"1141","Нижегородская область",2016,1282751.7
"1142","Нижегородская область",2017,1387920.9
"1143","Нижегородская область",2018,1502156.2
"1144","Нижегородская область",2019,1621913.1
"1145","Оренбургская область",1998,27271.2
"1146","Оренбургская область",1999,51582.1
"1147","Оренбургская область",2000,76343.3
"1148","Оренбургская область",2001,85168.3
"1149","Оренбургская область",2002,94182.5
"1150","Оренбургская область",2003,115824.6
"1151","Оренбургская область",2004,169876.7
"1152","Оренбургская область",2005,213138.2
"1153","Оренбургская область",2006,302808.4
"1154","Оренбургская область",2007,370880.9
"1155","Оренбургская область",2008,430023.1
"1156","Оренбургская область",2009,413395.5
"1157","Оренбургская область",2010,458145.4
"1158","Оренбургская область",2011,553320.9
"1159","Оренбургская область",2012,628563.6
"1160","Оренбургская область",2013,717014.8
"1161","Оренбургская область",2014,731277.7
"1162","Оренбургская область",2015,774962.1
"1163","Оренбургская область",2016,814765.4
"1164","Оренбургская область",2017,872857.1
"1165","Оренбургская область",2018,1058504.8
"1166","Оренбургская область",2019,1107155.3
"1167","Пензенская область",1998,10545.5
"1168","Пензенская область",1999,17825.2
"1169","Пензенская область",2000,25218.7
"1170","Пензенская область",2001,33262.6
"1171","Пензенская область",2002,41623.4
"1172","Пензенская область",2003,48111.5
"1173","Пензенская область",2004,59711.7
"1174","Пензенская область",2005,74362.7
"1175","Пензенская область",2006,88805
"1176","Пензенская область",2007,119104
"1177","Пензенская область",2008,147853.2
"1178","Пензенская область",2009,147185.1
"1179","Пензенская область",2010,172166.7
"1180","Пензенская область",2011,213401.2
"1181","Пензенская область",2012,239962.5
"1182","Пензенская область",2013,270436.8
"1183","Пензенская область",2014,295238.7
"1184","Пензенская область",2015,343328.6
"1185","Пензенская область",2016,358258.2
"1186","Пензенская область",2017,376076.2
"1187","Пензенская область",2018,411028.7
"1188","Пензенская область",2019,448975.5
"1189","Самарская область",1998,67519.9
"1190","Самарская область",1999,105581.3
"1191","Самарская область",2000,140407.4
"1192","Самарская область",2001,180049.3
"1193","Самарская область",2002,206320.2
"1194","Самарская область",2003,256554.6
"1195","Самарская область",2004,327118.5
"1196","Самарская область",2005,401812.2
"1197","Самарская область",2006,487713.5
"1198","Самарская область",2007,584968.6
"1199","Самарская область",2008,699295.6
"1200","Самарская область",2009,583999.9
"1201","Самарская область",2010,695651.2
"1202","Самарская область",2011,834149.3
"1203","Самарская область",2012,937434.5
"1204","Самарская область",2013,1048545.8
"1205","Самарская область",2014,1149147.8
"1206","Самарская область",2015,1264910.3
"1207","Самарская область",2016,1364822.2
"1208","Самарская область",2017,1449005.7
"1209","Самарская область",2018,1625558.7
"1210","Самарская область",2019,1687924.3
"1211","Саратовская область",1998,27716.1
"1212","Саратовская область",1999,43799.6
"1213","Саратовская область",2000,63068.2
"1214","Саратовская область",2001,83665.7
"1215","Саратовская область",2002,97326.4
"1216","Саратовская область",2003,119909
"1217","Саратовская область",2004,151636.9
"1218","Саратовская область",2005,170930.5
"1219","Саратовская область",2006,204291.2
"1220","Саратовская область",2007,252867.2
"1221","Саратовская область",2008,321747.2
"1222","Саратовская область",2009,326370.4
"1223","Саратовская область",2010,376169.4
"1224","Саратовская область",2011,431028
"1225","Саратовская область",2012,478275.8
"1226","Саратовская область",2013,526178.9
"1227","Саратовская область",2014,566646.1
"1228","Саратовская область",2015,625176.9
"1229","Саратовская область",2016,700848.6
"1230","Саратовская область",2017,728946.4
"1231","Саратовская область",2018,773838.6
"1232","Саратовская область",2019,811772.2
"1233","Ульяновская область",1998,14786.5
"1234","Ульяновская область",1999,23382.9
"1235","Ульяновская область",2000,30415
"1236","Ульяновская область",2001,38563.6
"1237","Ульяновская область",2002,45677
"1238","Ульяновская область",2003,55184.3
"1239","Ульяновская область",2004,67501
"1240","Ульяновская область",2005,80584.4
"1241","Ульяновская область",2006,101950.3
"1242","Ульяновская область",2007,124676.2
"1243","Ульяновская область",2008,150680.3
"1244","Ульяновская область",2009,154247.4
"1245","Ульяновская область",2010,178235.4
"1246","Ульяновская область",2011,223672.7
"1247","Ульяновская область",2012,240556.1
"1248","Ульяновская область",2013,265288.7
"1249","Ульяновская область",2014,278808.2
"1250","Ульяновская область",2015,304479.1
"1251","Ульяновская область",2016,366954.7
"1252","Ульяновская область",2017,374827.9
"1253","Ульяновская область",2018,386675.4
"1254","Ульяновская область",2019,420318.4
"1255","Курганская область",1998,9466.4
"1256","Курганская область",1999,14770.6
"1257","Курганская область",2000,18705.2
"1258","Курганская область",2001,25379.6
"1259","Курганская область",2002,29940.8
"1260","Курганская область",2003,37046.2
"1261","Курганская область",2004,42470.6
"1262","Курганская область",2005,50245.8
"1263","Курганская область",2006,68434.5
"1264","Курганская область",2007,81076
"1265","Курганская область",2008,106223.2
"1266","Курганская область",2009,107914.5
"1267","Курганская область",2010,117879.5
"1268","Курганская область",2011,136325.1
"1269","Курганская область",2012,146045.5
"1270","Курганская область",2013,167037.9
"1271","Курганская область",2014,170310.3
"1272","Курганская область",2015,179436.3
"1273","Курганская область",2016,202100.4
"1274","Курганская область",2017,209985.5
"1275","Курганская область",2018,215589.9
"1276","Курганская область",2019,233468.6
"1277","Свердловская область",1998,73056
"1278","Свердловская область",1999,112407
"1279","Свердловская область",2000,156077
"1280","Свердловская область",2001,199859.1
"1281","Свердловская область",2002,234866.4
"1282","Свердловская область",2003,284576.3
"1283","Свердловская область",2004,364368.8
"1284","Свердловская область",2005,475575.5
"1285","Свердловская область",2006,653908.3
"1286","Свердловская область",2007,820792.5
"1287","Свердловская область",2008,923550.8
"1288","Свердловская область",2009,825267.4
"1289","Свердловская область",2010,1046600.1
"1290","Свердловская область",2011,1291019.1
"1291","Свердловская область",2012,1484879
"1292","Свердловская область",2013,1568655.2
"1293","Свердловская область",2014,1659783.9
"1294","Свердловская область",2015,1822835
"1295","Свердловская область",2016,2109619.1
"1296","Свердловская область",2017,2259526
"1297","Свердловская область",2018,2423689.4
"1298","Свердловская область",2019,2529549.3
"1299","Тюменская область",1998,188611.3
"1300","Тюменская область",1999,316194.7
"1301","Тюменская область",2000,570790.2
"1302","Тюменская область",2001,753119.2
"1303","Тюменская область",2002,898722.4
"1304","Тюменская область",2003,1117514.4
"1305","Тюменская область",2004,1536733.7
"1306","Тюменская область",2005,2215584.4
"1307","Тюменская область",2006,2551355.4
"1308","Тюменская область",2007,2758813.1
"1309","Тюменская область",2008,3121401.3
"1310","Тюменская область",2009,2870284
"1311","Тюменская область",2010,3301573.3
"1312","Тюменская область",2011,4112596
"1313","Тюменская область",2012,4625467.5
"1314","Тюменская область",2013,4950207.4
"1315","Тюменская область",2014,5295348.5
"1316","Тюменская область",2015,5851557.8
"1317","Тюменская область",2016,6125961.8
"1318","Тюменская область",2017,7097070.2
"1319","Тюменская область",2018,8875003.7
"1320","Тюменская область",2019,8919088.8
"1321","в т.ч. Ханты-Мансийский автономный округ-Югра",1998,NA
"1322","в т.ч. Ханты-Мансийский автономный округ-Югра",1999,NA
"1323","в т.ч. Ханты-Мансийский автономный округ-Югра",2000,403822.2
"1324","в т.ч. Ханты-Мансийский автономный округ-Югра",2001,497981.4
"1325","в т.ч. Ханты-Мансийский автономный округ-Югра",2002,552483.5
"1326","в т.ч. Ханты-Мансийский автономный округ-Югра",2003,717219.7
"1327","в т.ч. Ханты-Мансийский автономный округ-Югра",2004,956196.5
"1328","в т.ч. Ханты-Мансийский автономный округ-Югра",2005,1399335.9
"1329","в т.ч. Ханты-Мансийский автономный округ-Югра",2006,1594097.1
"1330","в т.ч. Ханты-Мансийский автономный округ-Югра",2007,1728340.2
"1331","в т.ч. Ханты-Мансийский автономный округ-Югра",2008,1937159.1
"1332","в т.ч. Ханты-Мансийский автономный округ-Югра",2009,1778637.1
"1333","в т.ч. Ханты-Мансийский автономный округ-Югра",2010,1971870.5
"1334","в т.ч. Ханты-Мансийский автономный округ-Югра",2011,2440432.6
"1335","в т.ч. Ханты-Мансийский автономный округ-Югра",2012,2703558.8
"1336","в т.ч. Ханты-Мансийский автономный округ-Югра",2013,2729122.4
"1337","в т.ч. Ханты-Мансийский автономный округ-Югра",2014,2860498.9
"1338","в т.ч. Ханты-Мансийский автономный округ-Югра",2015,3154058.7
"1339","в т.ч. Ханты-Мансийский автономный округ-Югра",2016,3130196.4
"1340","в т.ч. Ханты-Мансийский автономный округ-Югра",2017,3557367.1
"1341","в т.ч. Ханты-Мансийский автономный округ-Югра",2018,4506739.7
"1342","в т.ч. Ханты-Мансийский автономный округ-Югра",2019,4563061.5
"1343","Ямало-Ненецкий автономный округ",1998,NA
"1344","Ямало-Ненецкий автономный округ",1999,NA
"1345","Ямало-Ненецкий автономный округ",2000,117100.8
"1346","Ямало-Ненецкий автономный округ",2001,184315.9
"1347","Ямало-Ненецкий автономный округ",2002,262447.4
"1348","Ямало-Ненецкий автономный округ",2003,283181.2
"1349","Ямало-Ненецкий автономный округ",2004,355718.4
"1350","Ямало-Ненецкий автономный округ",2005,441721.8
"1351","Ямало-Ненецкий автономный округ",2006,546365.8
"1352","Ямало-Ненецкий автономный округ",2007,594678.6
"1353","Ямало-Ненецкий автономный округ",2008,719397
"1354","Ямало-Ненецкий автономный округ",2009,649640
"1355","Ямало-Ненецкий автономный округ",2010,782214.9
"1356","Ямало-Ненецкий автономный округ",2011,966110.4
"1357","Ямало-Ненецкий автономный округ",2012,1191271.9
"1358","Ямало-Ненецкий автономный округ",2013,1375878.8
"1359","Ямало-Ненецкий автономный округ",2014,1633382.2
"1360","Ямало-Ненецкий автономный округ",2015,1791825.6
"1361","Ямало-Ненецкий автономный округ",2016,2028234.6
"1362","Ямало-Ненецкий автономный округ",2017,2456293.7
"1363","Ямало-Ненецкий автономный округ",2018,3051613.1
"1364","Ямало-Ненецкий автономный округ",2019,3100561.1
"1365","Тюменская область (без Ханты-Мансийского авт.округа-Югра и Ямало-Ненецкого авт.округа)",1998,NA
"1366","Тюменская область (без Ханты-Мансийского авт.округа-Югра и Ямало-Ненецкого авт.округа)",1999,NA
"1367","Тюменская область (без Ханты-Мансийского авт.округа-Югра и Ямало-Ненецкого авт.округа)",2000,NA
"1368","Тюменская область (без Ханты-Мансийского авт.округа-Югра и Ямало-Ненецкого авт.округа)",2001,NA
"1369","Тюменская область (без Ханты-Мансийского авт.округа-Югра и Ямало-Ненецкого авт.округа)",2002,NA
"1370","Тюменская область (без Ханты-Мансийского авт.округа-Югра и Ямало-Ненецкого авт.округа)",2003,NA
"1371","Тюменская область (без Ханты-Мансийского авт.округа-Югра и Ямало-Ненецкого авт.округа)",2004,NA
"1372","Тюменская область (без Ханты-Мансийского авт.округа-Югра и Ямало-Ненецкого авт.округа)",2005,NA
"1373","Тюменская область (без Ханты-Мансийского авт.округа-Югра и Ямало-Ненецкого авт.округа)",2006,NA
"1374","Тюменская область (без Ханты-Мансийского авт.округа-Югра и Ямало-Ненецкого авт.округа)",2007,NA
"1375","Тюменская область (без Ханты-Мансийского авт.округа-Югра и Ямало-Ненецкого авт.округа)",2008,NA
"1376","Тюменская область (без Ханты-Мансийского авт.округа-Югра и Ямало-Ненецкого авт.округа)",2009,NA
"1377","Тюменская область (без Ханты-Мансийского авт.округа-Югра и Ямало-Ненецкого авт.округа)",2010,NA
"1378","Тюменская область (без Ханты-Мансийского авт.округа-Югра и Ямало-Ненецкого авт.округа)",2011,706053
"1379","Тюменская область (без Ханты-Мансийского авт.округа-Югра и Ямало-Ненецкого авт.округа)",2012,730636.8
"1380","Тюменская область (без Ханты-Мансийского авт.округа-Югра и Ямало-Ненецкого авт.округа)",2013,845206.2
"1381","Тюменская область (без Ханты-Мансийского авт.округа-Югра и Ямало-Ненецкого авт.округа)",2014,801467.4
"1382","Тюменская область (без Ханты-Мансийского авт.округа-Югра и Ямало-Ненецкого авт.округа)",2015,905673.5
"1383","Тюменская область (без Ханты-Мансийского авт.округа-Югра и Ямало-Ненецкого авт.округа)",2016,967530.8
"1384","Тюменская область (без Ханты-Мансийского авт.округа-Югра и Ямало-Ненецкого авт.округа)",2017,1083409.4
"1385","Тюменская область (без Ханты-Мансийского авт.округа-Югра и Ямало-Ненецкого авт.округа)",2018,1316650.9
"1386","Тюменская область (без Ханты-Мансийского авт.округа-Югра и Ямало-Ненецкого авт.округа)",2019,1255466.2
"1387","Челябинская область",1998,44611.9
"1388","Челябинская область",1999,79117.6
"1389","Челябинская область",2000,120561
"1390","Челябинская область",2001,142461.9
"1391","Челябинская область",2002,172446.4
"1392","Челябинская область",2003,220185.2
"1393","Челябинская область",2004,291179.9
"1394","Челябинская область",2005,349957.2
"1395","Челябинская область",2006,446918
"1396","Челябинская область",2007,575643.7
"1397","Челябинская область",2008,664492.7
"1398","Челябинская область",2009,556985.3
"1399","Челябинская область",2010,652865.5
"1400","Челябинская область",2011,774401
"1401","Челябинская область",2012,841972.3
"1402","Челябинская область",2013,882339.6
"1403","Челябинская область",2014,993900.6
"1404","Челябинская область",2015,1209242.7
"1405","Челябинская область",2016,1332761.4
"1406","Челябинская область",2017,1416613.3
"1407","Челябинская область",2018,1521325.4
"1408","Челябинская область",2019,1545582.5
"1409","Республика Алтай",1998,1527.6
"1410","Республика Алтай",1999,2186.2
"1411","Республика Алтай",2000,2737.5
"1412","Республика Алтай",2001,4499.4
"1413","Республика Алтай",2002,5310.6
"1414","Республика Алтай",2003,6903.9
"1415","Республика Алтай",2004,8516.7
"1416","Республика Алтай",2005,8805.8
"1417","Республика Алтай",2006,11609.4
"1418","Республика Алтай",2007,15108.5
"1419","Республика Алтай",2008,18701
"1420","Республика Алтай",2009,19911.6
"1421","Республика Алтай",2010,22393.7
"1422","Республика Алтай",2011,26380.8
"1423","Республика Алтай",2012,30444.6
"1424","Республика Алтай",2013,33313.5
"1425","Республика Алтай",2014,39191.9
"1426","Республика Алтай",2015,42165.7
"1427","Республика Алтай",2016,47434.9
"1428","Республика Алтай",2017,48415.2
"1429","Республика Алтай",2018,54069.4
"1430","Республика Алтай",2019,58976.8
"1431","Республика Тыва",1998,1958.5
"1432","Республика Тыва",1999,2727.9
"1433","Республика Тыва",2000,3594.1
"1434","Республика Тыва",2001,5197.2
"1435","Республика Тыва",2002,6847.4
"1436","Республика Тыва",2003,8121.2
"1437","Республика Тыва",2004,9838.5
"1438","Республика Тыва",2005,11662.5
"1439","Республика Тыва",2006,15146.8
"1440","Республика Тыва",2007,19384.2
"1441","Республика Тыва",2008,23870.5
"1442","Республика Тыва",2009,26921.9
"1443","Республика Тыва",2010,30772.8
"1444","Республика Тыва",2011,33398.9
"1445","Республика Тыва",2012,37369.1
"1446","Республика Тыва",2013,41298.7
"1447","Республика Тыва",2014,45947.9
"1448","Республика Тыва",2015,47289.6
"1449","Республика Тыва",2016,58001.1
"1450","Республика Тыва",2017,65038.9
"1451","Республика Тыва",2018,73681.6
"1452","Республика Тыва",2019,79211.5
"1453","Республика Хакасия",1998,8158.8
"1454","Республика Хакасия",1999,13192.3
"1455","Республика Хакасия",2000,17418.1
"1456","Республика Хакасия",2001,20041
"1457","Республика Хакасия",2002,25423.3
"1458","Республика Хакасия",2003,28969.2
"1459","Республика Хакасия",2004,33102.9
"1460","Республика Хакасия",2005,41727.5
"1461","Республика Хакасия",2006,53689.3
"1462","Республика Хакасия",2007,63722
"1463","Республика Хакасия",2008,72308.8
"1464","Республика Хакасия",2009,81019.9
"1465","Республика Хакасия",2010,96039.8
"1466","Республика Хакасия",2011,113088.1
"1467","Республика Хакасия",2012,130638.5
"1468","Республика Хакасия",2013,141850.5
"1469","Республика Хакасия",2014,158372.8
"1470","Республика Хакасия",2015,170413.1
"1471","Республика Хакасия",2016,207742.6
"1472","Республика Хакасия",2017,218148.4
"1473","Республика Хакасия",2018,242341.1
"1474","Республика Хакасия",2019,256250.8
"1475","Алтайский край",1998,21365.9
"1476","Алтайский край",1999,32430.6
"1477","Алтайский край",2000,46736.8
"1478","Алтайский край",2001,61854.4
"1479","Алтайский край",2002,73107.4
"1480","Алтайский край",2003,88733.3
"1481","Алтайский край",2004,114840.5
"1482","Алтайский край",2005,135686.4
"1483","Алтайский край",2006,173810.5
"1484","Алтайский край",2007,223563.4
"1485","Алтайский край",2008,259343.1
"1486","Алтайский край",2009,265613.3
"1487","Алтайский край",2010,302900.7
"1488","Алтайский край",2011,332117.8
"1489","Алтайский край",2012,368995.2
"1490","Алтайский край",2013,416110.3
"1491","Алтайский край",2014,446023.8
"1492","Алтайский край",2015,487903.3
"1493","Алтайский край",2016,532401.5
"1494","Алтайский край",2017,545303
"1495","Алтайский край",2018,579740.5
"1496","Алтайский край",2019,630813.8
"1497","Красноярский край",1998,70150.1
"1498","Красноярский край",1999,124516.5
"1499","Красноярский край",2000,214662.7
"1500","Красноярский край",2001,239420
"1501","Красноярский край",2002,230994.9
"1502","Красноярский край",2003,272727
"1503","Красноярский край",2004,365454.1
"1504","Красноярский край",2005,439736.9
"1505","Красноярский край",2006,585881.9
"1506","Красноярский край",2007,734154.8
"1507","Красноярский край",2008,737950.5
"1508","Красноярский край",2009,749194.8
"1509","Красноярский край",2010,1055525
"1510","Красноярский край",2011,1170827.3
"1511","Красноярский край",2012,1183228
"1512","Красноярский край",2013,1256934.1
"1513","Красноярский край",2014,1410719.9
"1514","Красноярский край",2015,1667041.1
"1515","Красноярский край",2016,1821899.9
"1516","Красноярский край",2017,1977016.1
"1517","Красноярский край",2018,2374749.9
"1518","Красноярский край",2019,2692239.2
"1519","Иркутская область",1998,50422.2
"1520","Иркутская область",1999,77701.2
"1521","Иркутская область",2000,103013.8
"1522","Иркутская область",2001,120240
"1523","Иркутская область",2002,140195.9
"1524","Иркутская область",2003,167927.1
"1525","Иркутская область",2004,213244.2
"1526","Иркутская область",2005,258095.5
"1527","Иркутская область",2006,330834.3
"1528","Иркутская область",2007,402654.7
"1529","Иркутская область",2008,438852.4
"1530","Иркутская область",2009,458774.9
"1531","Иркутская область",2010,546141
"1532","Иркутская область",2011,634561.4
"1533","Иркутская область",2012,737971.6
"1534","Иркутская область",2013,805197.5
"1535","Иркутская область",2014,916317.5
"1536","Иркутская область",2015,1001717.6
"1537","Иркутская область",2016,1139206.8
"1538","Иркутская область",2017,1268311.7
"1539","Иркутская область",2018,1460512.2
"1540","Иркутская область",2019,1545680.6
"1541","Кемеровская область",1998,42890.2
"1542","Кемеровская область",1999,64491.4
"1543","Кемеровская область",2000,88728.1
"1544","Кемеровская область",2001,113800.2
"1545","Кемеровская область",2002,136156.7
"1546","Кемеровская область",2003,164903.1
"1547","Кемеровская область",2004,244462
"1548","Кемеровская область",2005,295378.4
"1549","Кемеровская область",2006,342210.6
"1550","Кемеровская область",2007,437790.2
"1551","Кемеровская область",2008,575901.9
"1552","Кемеровская область",2009,512408
"1553","Кемеровская область",2010,625914.9
"1554","Кемеровская область",2011,751198.4
"1555","Кемеровская область",2012,718320.4
"1556","Кемеровская область",2013,667950.5
"1557","Кемеровская область",2014,752024
"1558","Кемеровская область",2015,843345.4
"1559","Кемеровская область",2016,903348.9
"1560","Кемеровская область",2017,1097861
"1561","Кемеровская область",2018,1266424.5
"1562","Кемеровская область",2019,1110415.1
"1563","Новосибирская область",1998,34399
"1564","Новосибирская область",1999,52746.5
"1565","Новосибирская область",2000,72012.7
"1566","Новосибирская область",2001,95298.9
"1567","Новосибирская область",2002,123084.5
"1568","Новосибирская область",2003,153798.9
"1569","Новосибирская область",2004,191826.7
"1570","Новосибирская область",2005,235381.8
"1571","Новосибирская область",2006,296064.5
"1572","Новосибирская область",2007,365531.2
"1573","Новосибирская область",2008,453574.6
"1574","Новосибирская область",2009,425400.2
"1575","Новосибирская область",2010,484141.3
"1576","Новосибирская область",2011,598563.5
"1577","Новосибирская область",2012,728154
"1578","Новосибирская область",2013,817516.7
"1579","Новосибирская область",2014,911219
"1580","Новосибирская область",2015,1021642.9
"1581","Новосибирская область",2016,1074794.7
"1582","Новосибирская область",2017,1179564.2
"1583","Новосибирская область",2018,1301631.1
"1584","Новосибирская область",2019,1409192
"1585","Омская область",1998,26855
"1586","Омская область",1999,33734.7
"1587","Омская область",2000,46028.4
"1588","Омская область",2001,61535.7
"1589","Омская область",2002,92628.7
"1590","Омская область",2003,115029.5
"1591","Омская область",2004,192877.3
"1592","Омская область",2005,220686.1
"1593","Омская область",2006,262506.7
"1594","Омская область",2007,296004.7
"1595","Омская область",2008,347760.3
"1596","Омская область",2009,336259.6
"1597","Омская область",2010,382620.4
"1598","Омская область",2011,451418.8
"1599","Омская область",2012,491507.6
"1600","Омская область",2013,551734
"1601","Омская область",2014,602605.1
"1602","Омская область",2015,618127.7
"1603","Омская область",2016,669480.4
"1604","Омская область",2017,699716.5
"1605","Омская область",2018,736076.8
"1606","Омская область",2019,772954.7
"1607","Томская область",1998,20288.1
"1608","Томская область",1999,26663.2
"1609","Томская область",2000,40539.5
"1610","Томская область",2001,57041.1
"1611","Томская область",2002,75547
"1612","Томская область",2003,97084.3
"1613","Томская область",2004,132439.3
"1614","Томская область",2005,159578.5
"1615","Томская область",2006,188800.7
"1616","Томская область",2007,214487
"1617","Томская область",2008,248906.2
"1618","Томская область",2009,245808.3
"1619","Томская область",2010,284676.7
"1620","Томская область",2011,333885.7
"1621","Томская область",2012,371472.9
"1622","Томская область",2013,402562.1
"1623","Томская область",2014,430266.8
"1624","Томская область",2015,471456.7
"1625","Томская область",2016,521043.5
"1626","Томская область",2017,554393.9
"1627","Томская область",2018,612431.7
"1628","Томская область",2019,622805.3
"1629","Республика Бурятия",1998,11140
"1630","Республика Бурятия",1999,16185.4
"1631","Республика Бурятия",2000,21574.5
"1632","Республика Бурятия",2001,30075.1
"1633","Республика Бурятия",2002,37884.5
"1634","Республика Бурятия",2003,52253.7
"1635","Республика Бурятия",2004,63918.5
"1636","Республика Бурятия",2005,74912.9
"1637","Республика Бурятия",2006,91712.4
"1638","Республика Бурятия",2007,107442
"1639","Республика Бурятия",2008,124738.5
"1640","Республика Бурятия",2009,121187.7
"1641","Республика Бурятия",2010,133525.6
"1642","Республика Бурятия",2011,153624.1
"1643","Республика Бурятия",2012,164737.8
"1644","Республика Бурятия",2013,176888.9
"1645","Республика Бурятия",2014,186492.9
"1646","Республика Бурятия",2015,202823.4
"1647","Республика Бурятия",2016,220764.6
"1648","Республика Бурятия",2017,224594.1
"1649","Республика Бурятия",2018,258578.6
"1650","Республика Бурятия",2019,285832.2
"1651","Республика Саха (Якутия)",1998,33632.4
"1652","Республика Саха (Якутия)",1999,62750.8
"1653","Республика Саха (Якутия)",2000,81960.4
"1654","Республика Саха (Якутия)",2001,100922.4
"1655","Республика Саха (Якутия)",2002,115117.1
"1656","Республика Саха (Якутия)",2003,132964.1
"1657","Республика Саха (Якутия)",2004,153496.7
"1658","Республика Саха (Якутия)",2005,183027
"1659","Республика Саха (Якутия)",2006,206845
"1660","Республика Саха (Якутия)",2007,242656.5
"1661","Республика Саха (Якутия)",2008,309518.3
"1662","Республика Саха (Якутия)",2009,328201.7
"1663","Республика Саха (Якутия)",2010,386825.1
"1664","Республика Саха (Якутия)",2011,486830.9
"1665","Республика Саха (Якутия)",2012,541306.8
"1666","Республика Саха (Якутия)",2013,570284.7
"1667","Республика Саха (Якутия)",2014,658140.4
"1668","Республика Саха (Якутия)",2015,747601.7
"1669","Республика Саха (Якутия)",2016,889449.3
"1670","Республика Саха (Якутия)",2017,942029.6
"1671","Республика Саха (Якутия)",2018,1126774.7
"1672","Республика Саха (Якутия)",2019,1220319.8
"1673","Забайкальский край",1998,12864.6
"1674","Забайкальский край",1999,20783.9
"1675","Забайкальский край",2000,30024.6
"1676","Забайкальский край",2001,35139.2
"1677","Забайкальский край",2002,44555.8
"1678","Забайкальский край",2003,53145.5
"1679","Забайкальский край",2004,61261.8
"1680","Забайкальский край",2005,69647.1
"1681","Забайкальский край",2006,90732.1
"1682","Забайкальский край",2007,110822.4
"1683","Забайкальский край",2008,140302
"1684","Забайкальский край",2009,148587.9
"1685","Забайкальский край",2010,166742.5
"1686","Забайкальский край",2011,203869
"1687","Забайкальский край",2012,223968.8
"1688","Забайкальский край",2013,229239.4
"1689","Забайкальский край",2014,234840.8
"1690","Забайкальский край",2015,247666.2
"1691","Забайкальский край",2016,279140.7
"1692","Забайкальский край",2017,306596.5
"1693","Забайкальский край",2018,339838.9
"1694","Забайкальский край",2019,364555.6
"1695","Камчатский край",1998,11678.2
"1696","Камчатский край",1999,14919.8
"1697","Камчатский край",2000,18140.7
"1698","Камчатский край",2001,23031.7
"1699","Камчатский край",2002,25881.9
"1700","Камчатский край",2003,29747
"1701","Камчатский край",2004,35139.3
"1702","Камчатский край",2005,43974.3
"1703","Камчатский край",2006,56119.8
"1704","Камчатский край",2007,66076.8
"1705","Камчатский край",2008,77854.3
"1706","Камчатский край",2009,94643.2
"1707","Камчатский край",2010,103123.2
"1708","Камчатский край",2011,114375.9
"1709","Камчатский край",2012,127412.7
"1710","Камчатский край",2013,133364
"1711","Камчатский край",2014,145761.3
"1712","Камчатский край",2015,175404.8
"1713","Камчатский край",2016,224091
"1714","Камчатский край",2017,228167.2
"1715","Камчатский край",2018,263151.3
"1716","Камчатский край",2019,279672.7
"1717","Приморский край",1998,31373.1
"1718","Приморский край",1999,53242.2
"1719","Приморский край",2000,62088.5
"1720","Приморский край",2001,72826.1
"1721","Приморский край",2002,96832.3
"1722","Приморский край",2003,119333.7
"1723","Приморский край",2004,152301.1
"1724","Приморский край",2005,186623.3
"1725","Приморский край",2006,215934.4
"1726","Приморский край",2007,259041.4
"1727","Приморский край",2008,316581.9
"1728","Приморский край",2009,368996.7
"1729","Приморский край",2010,470679.2
"1730","Приморский край",2011,549722.8
"1731","Приморский край",2012,557489.3
"1732","Приморский край",2013,577473.9
"1733","Приморский край",2014,642423
"1734","Приморский край",2015,717609.9
"1735","Приморский край",2016,860803.6
"1736","Приморский край",2017,906265
"1737","Приморский край",2018,965485.2
"1738","Приморский край",2019,1066724.7
"1739","Хабаровский край",1998,29309.6
"1740","Хабаровский край",1999,40306.9
"1741","Хабаровский край",2000,64794.8
"1742","Хабаровский край",2001,79891.5
"1743","Хабаровский край",2002,101048.6
"1744","Хабаровский край",2003,116318.1
"1745","Хабаровский край",2004,133330.5
"1746","Хабаровский край",2005,161194.4
"1747","Хабаровский край",2006,194259.6
"1748","Хабаровский край",2007,231293.2
"1749","Хабаровский край",2008,269178.6
"1750","Хабаровский край",2009,276895.4
"1751","Хабаровский край",2010,353590.3
"1752","Хабаровский край",2011,399594.2
"1753","Хабаровский край",2012,437994.3
"1754","Хабаровский край",2013,498067.2
"1755","Хабаровский край",2014,539338.4
"1756","Хабаровский край",2015,595792.3
"1757","Хабаровский край",2016,672660.4
"1758","Хабаровский край",2017,697951
"1759","Хабаровский край",2018,761589.2
"1760","Хабаровский край",2019,802972.2
"1761","Амурская область",1998,14436.1
"1762","Амурская область",1999,20676.3
"1763","Амурская область",2000,26315.2
"1764","Амурская область",2001,39052.8
"1765","Амурская область",2002,45717.5
"1766","Амурская область",2003,53199.9
"1767","Амурская область",2004,64250.2
"1768","Амурская область",2005,76861.2
"1769","Амурская область",2006,95090.9
"1770","Амурская область",2007,111761.2
"1771","Амурская область",2008,131563.7
"1772","Амурская область",2009,151118.6
"1773","Амурская область",2010,178689.6
"1774","Амурская область",2011,225401.7
"1775","Амурская область",2012,229407.1
"1776","Амурская область",2013,210700.9
"1777","Амурская область",2014,232053
"1778","Амурская область",2015,277380.4
"1779","Амурская область",2016,297531
"1780","Амурская область",2017,299181
"1781","Амурская область",2018,334164.4
"1782","Амурская область",2019,412481.1
"1783","Магаданская область",1998,6983.4
"1784","Магаданская область",1999,10538.7
"1785","Магаданская область",2000,13009.5
"1786","Магаданская область",2001,17151.6
"1787","Магаданская область",2002,22374.8
"1788","Магаданская область",2003,24325.9
"1789","Магаданская область",2004,24612.3
"1790","Магаданская область",2005,27167.8
"1791","Магаданская область",2006,31203.2
"1792","Магаданская область",2007,35314.4
"1793","Магаданская область",2008,42053.8
"1794","Магаданская область",2009,47895.9
"1795","Магаданская область",2010,59619.7
"1796","Магаданская область",2011,72174.2
"1797","Магаданская область",2012,78417.9
"1798","Магаданская область",2013,88905.9
"1799","Магаданская область",2014,96936.8
"1800","Магаданская область",2015,125798.3
"1801","Магаданская область",2016,153879.8
"1802","Магаданская область",2017,161851.2
"1803","Магаданская область",2018,176370.6
"1804","Магаданская область",2019,213579.8
"1805","Сахалинская область",1998,12610.5
"1806","Сахалинская область",1999,26269.9
"1807","Сахалинская область",2000,34777
"1808","Сахалинская область",2001,47140.1
"1809","Сахалинская область",2002,47139.8
"1810","Сахалинская область",2003,63139.2
"1811","Сахалинская область",2004,91729.6
"1812","Сахалинская область",2005,121014.1
"1813","Сахалинская область",2006,166105.4
"1814","Сахалинская область",2007,286273
"1815","Сахалинская область",2008,333581.6
"1816","Сахалинская область",2009,392380.1
"1817","Сахалинская область",2010,487659.5
"1818","Сахалинская область",2011,600247.9
"1819","Сахалинская область",2012,641886.4
"1820","Сахалинская область",2013,671743.6
"1821","Сахалинская область",2014,799165.4
"1822","Сахалинская область",2015,837495.2
"1823","Сахалинская область",2016,762510.3
"1824","Сахалинская область",2017,784503.4
"1825","Сахалинская область",2018,1233164.7
"1826","Сахалинская область",2019,1173894.8
"1827","Еврейская автономная область",1998,1510.1
"1828","Еврейская автономная область",1999,3026
"1829","Еврейская автономная область",2000,3784
"1830","Еврейская автономная область",2001,4788.9
"1831","Еврейская автономная область",2002,6838.5
"1832","Еврейская автономная область",2003,8564.6
"1833","Еврейская автономная область",2004,11230.9
"1834","Еврейская автономная область",2005,14204.2
"1835","Еврейская автономная область",2006,17976.8
"1836","Еврейская автономная область",2007,23726.1
"1837","Еврейская автономная область",2008,23977
"1838","Еврейская автономная область",2009,25320
"1839","Еврейская автономная область",2010,31555.9
"1840","Еврейская автономная область",2011,39467
"1841","Еврейская автономная область",2012,42743.6
"1842","Еврейская автономная область",2013,38428.7
"1843","Еврейская автономная область",2014,41948.1
"1844","Еврейская автономная область",2015,44554.8
"1845","Еврейская автономная область",2016,48563.2
"1846","Еврейская автономная область",2017,55268
"1847","Еврейская автономная область",2018,54577.8
"1848","Еврейская автономная область",2019,56570.5
"1849","Чукотский автономный округ",1998,2635
"1850","Чукотский автономный округ",1999,3198.7
"1851","Чукотский автономный округ",2000,3931.4
"1852","Чукотский автономный округ",2001,6944.6
"1853","Чукотский автономный округ",2002,10155.4
"1854","Чукотский автономный округ",2003,13501.1
"1855","Чукотский автономный округ",2004,12357.8
"1856","Чукотский автономный округ",2005,12355.4
"1857","Чукотский автономный округ",2006,15538
"1858","Чукотский автономный округ",2007,20984.1
"1859","Чукотский автономный округ",2008,30558.7
"1860","Чукотский автономный округ",2009,45067.6
"1861","Чукотский автономный округ",2010,38978.1
"1862","Чукотский автономный округ",2011,44757.6
"1863","Чукотский автономный округ",2012,45633.9
"1864","Чукотский автономный округ",2013,44466.9
"1865","Чукотский автономный округ",2014,57751.3
"1866","Чукотский автономный округ",2015,61735.5
"1867","Чукотский автономный округ",2016,72174.1
"1868","Чукотский автономный округ",2017,72873.8
"1869","Чукотский автономный округ",2018,83422.6
"1870","Чукотский автономный округ",2019,94884.3
